title,year,genres,description
3 Idiots,2009,Comedy|Drama,Three engineering college friends challenge a rigid education system and chase their passions instead of marks and pressure.
Dangal,2016,Biography|Drama|Sport,A former wrestler trains his two daughters to become world-class wrestlers despite social resistance.
Lagaan,2001,Drama|Musical|Sport,Villagers under British rule take on their rulers in a high-stakes cricket match to escape a crushing tax.
Dil Chahta Hai,2001,Comedy|Drama|Romance,Three close friends with very different views on love drift apart and find their way back to each other.
PK,2014,Comedy|Drama|Sci-Fi,An alien stranded on Earth questions religious beliefs and superstitions while searching for his lost remote.
Zindagi Na Milegi Dobara,2011,Adventure|Comedy|Drama,Three friends on a bachelor trip across Spain take on adventure sports and face their fears and secrets.
Swades,2004,Drama,A NASA scientist returns to his Indian village and decides to work for its development.
Taare Zameen Par,2007,Drama|Family,A caring art teacher helps a struggling young boy rediscover his confidence and talent.
Queen,2013,Comedy|Drama|Adventure,"After her wedding is called off, a young woman goes on her honeymoon trip alone and discovers independence."
Andhadhun,2018,Crime|Thriller|Comedy,A pianist who pretends to be blind gets pulled into a murder and a web of lies.
Drishyam,2015,Crime|Drama|Thriller,A cable operator goes to great lengths to protect his family after an accidental crime.
Kahaani,2012,Mystery|Thriller,A pregnant woman searches Kolkata for her missing husband and uncovers a dangerous conspiracy.
Bajrangi Bhaijaan,2015,Comedy|Drama|Family,A kind-hearted man helps a lost mute girl from Pakistan find her way back to her family.
Chak De! India,2007,Drama|Sport,A disgraced hockey player coaches the national women's team and turns a divided group into a winning side.
Rang De Basanti,2006,Drama|War,College friends making a documentary on freedom fighters are inspired to fight corruption today.
Jab We Met,2007,Comedy|Romance|Musical,A heartbroken businessman meets a talkative girl on a train and his outlook on life changes.
Munna Bhai M.B.B.S.,2003,Comedy|Drama,A kind-hearted gangster poses as a doctor and teaches the medical college the value of compassion.
Barfi!,2012,Comedy|Drama|Romance,A charming deaf and mute man and two women form a touching love story in 1970s Darjeeling.
Gully Boy,2019,Drama|Music,A young man from a Mumbai slum rises as a rapper by turning his struggles into lyrics.
The Shawshank Redemption,1994,Drama|Crime,A banker jailed for murder befriends a fellow inmate and holds on to hope over decades in prison.
The Godfather,1972,Crime|Drama,The aging head of a powerful crime family hands control to his reluctant youngest son.
The Dark Knight,2008,Action|Crime|Thriller,"Batman faces the Joker, a chaotic criminal mastermind who pushes Gotham to its limits."
Inception,2010,Sci-Fi|Action|Thriller,A thief who steals secrets through dreams is hired to plant an idea inside a target's mind.
Interstellar,2014,Sci-Fi|Adventure|Drama,Astronauts travel through a wormhole in search of a new home for humanity as Earth fails.
The Matrix,1999,Sci-Fi|Action,A hacker learns that reality is a simulation and joins a rebellion against its machine rulers.
Forrest Gump,1994,Drama|Romance,"A simple, kind-hearted man drifts through decades of American history while pursuing his childhood love."
Pulp Fiction,1994,Crime|Thriller|Comedy,"Interwoven stories of hitmen, a boxer and a gangster's wife unfold in darkly funny Los Angeles crime tales."
Fight Club,1999,Drama|Thriller,An insomniac office worker and a soap salesman start an underground fight club that spirals out of control.
The Lord of the Rings: The Fellowship of the Ring,2001,Fantasy|Adventure|Action,A hobbit and a group of allies set out to destroy a powerful ring and stop a dark lord.
Star Wars,1977,Sci-Fi|Adventure|Fantasy,A farm boy joins rebels to rescue a princess and fight the evil galactic empire.
Jurassic Park,1993,Sci-Fi|Adventure|Thriller,A theme park of cloned dinosaurs turns deadly when its security systems fail.
Titanic,1997,Romance|Drama,A young artist and a wealthy woman fall in love aboard the doomed ocean liner.
Avatar,2009,Sci-Fi|Adventure|Action,A former soldier on an alien moon sides with the native people against human colonizers.
Toy Story,1995,Animation|Family|Comedy|Adventure,"Toys come to life when humans leave, and a cowboy doll and a space ranger action figure learn to be friends."
Finding Nemo,2003,Animation|Family|Adventure,An anxious clownfish crosses the ocean with a forgetful companion to find his missing son.
The Lion King,1994,Animation|Family|Drama|Musical,A young lion prince flees his kingdom after his father's death and later returns to reclaim it.
Spirited Away,2001,Animation|Fantasy|Family,A girl wanders into a world of spirits and must work in a bathhouse to free her parents.
Up,2009,Animation|Adventure|Family|Comedy,An elderly widower ties thousands of balloons to his house and flies to South America with an eager boy scout.
Inside Out,2015,Animation|Family|Comedy,The emotions inside a young girl's mind guide her through a difficult move to a new city.
Coco,2017,Animation|Family|Fantasy|Music,A music-loving boy enters the Land of the Dead to uncover his family's history.
WALL-E,2008,Animation|Sci-Fi|Family|Romance,A lonely trash-compacting robot on an abandoned Earth follows a probe robot into space and changes humanity's future.
Frozen,2013,Animation|Family|Fantasy|Musical,"A princess sets out to find her sister, whose icy powers have trapped their kingdom in winter."
Shrek,2001,Animation|Comedy|Fantasy|Family,A grumpy ogre rescues a princess to get his swamp back and finds unexpected friendship.
Ratatouille,2007,Animation|Comedy|Family,A rat with a gift for cooking teams up with a young kitchen worker in a Paris restaurant.
Zootopia,2016,Animation|Comedy|Adventure|Family,A rabbit police officer and a fox con artist uncover a conspiracy in a city of talking animals.
Kung Fu Panda,2008,Animation|Action|Comedy|Family,A clumsy panda is chosen as the legendary Dragon Warrior and must learn kung fu.
Spider-Man: Into the Spider-Verse,2018,Animation|Action|Adventure|Sci-Fi,A teenager becomes Spider-Man and teams up with spider heroes from other dimensions.
Harry Potter and the Sorcerer's Stone,2001,Fantasy|Adventure|Family,An orphan discovers he is a wizard and begins his first year at a school of magic.
The Avengers,2012,Action|Sci-Fi|Adventure,Earth's mightiest heroes team up to stop an alien invasion led by a vengeful god.
Iron Man,2008,Action|Sci-Fi|Adventure,A billionaire inventor builds a powered suit of armor to escape captivity and fight those who misuse his weapons.
Black Panther,2018,Action|Adventure|Sci-Fi,"The new king of a hidden, technologically advanced African nation defends his throne and his people."
Guardians of the Galaxy,2014,Action|Adventure|Comedy|Sci-Fi,A band of misfit outlaws in space joins forces to stop a villain from using a powerful orb.
Mad Max: Fury Road,2015,Action|Adventure|Sci-Fi,"In a desert wasteland, a drifter and a rebel commander flee a tyrant in a high-speed chase."
Gladiator,2000,Action|Drama|Adventure,A betrayed Roman general becomes a gladiator and seeks revenge on the corrupt emperor.
Braveheart,1995,Biography|Drama|War|Action,A Scottish warrior leads a rebellion against the English king's rule.
The Departed,2006,Crime|Thriller|Drama,An undercover cop and a mole in the police force each try to expose the other in Boston.
Se7en,1995,Crime|Mystery|Thriller,Two detectives hunt a serial killer who bases his murders on the seven deadly sins.
The Silence of the Lambs,1991,Crime|Thriller|Horror,A young FBI trainee seeks the help of an imprisoned cannibal to catch another killer.
Get Out,2017,Horror|Mystery|Thriller,A young man visiting his girlfriend's family estate uncovers a disturbing secret.
The Conjuring,2013,Horror|Mystery|Thriller,Paranormal investigators help a family terrorized by a dark presence in their farmhouse.
A Quiet Place,2018,Horror|Sci-Fi|Thriller,A family must live in silence to hide from creatures that hunt by sound.
Parasite,2019,Drama|Thriller|Comedy,A poor family schemes its way into the jobs of a wealthy household with unexpected consequences.
Whiplash,2014,Drama|Music,A young drummer is pushed to his limits by an abusive and obsessive music instructor.
La La Land,2016,Musical|Romance|Drama|Music,A jazz pianist and an aspiring actress chase their dreams and fall in love in Los Angeles.
The Social Network,2010,Biography|Drama,A Harvard student creates a social networking site that makes him a billionaire and leads to lawsuits.
The Imitation Game,2014,Biography|Drama|War|Thriller,A mathematician leads a team to break Germany's Enigma code during World War II.
A Beautiful Mind,2001,Biography|Drama|Romance,A brilliant mathematician makes groundbreaking discoveries while facing deep personal struggles.
Good Will Hunting,1997,Drama|Romance,A janitor at a top university turns out to be a mathematical genius and finds guidance from an unconventional teacher.
The Pursuit of Happyness,2006,Biography|Drama,A struggling salesman and his young son face homelessness while he chases a stockbroker internship.
Back to the Future,1985,Sci-Fi|Adventure|Comedy,A teenager travels to 1955 in a time-traveling car and must make sure his parents fall in love.
Groundhog Day,1993,Comedy|Fantasy|Romance,A cynical weatherman is trapped in a time loop reliving the same day over and over.
The Grand Budapest Hotel,2014,Comedy|Adventure|Crime,A legendary hotel concierge and his lobby boy get caught up in the theft of a priceless painting.
Superbad,2007,Comedy,Two awkward high school friends try to buy alcohol for a party before graduation.
The Hangover,2009,Comedy,Three friends wake up after a bachelor party in Las Vegas with no memory and a missing groom.
Knives Out,2019,Mystery|Comedy|Crime,A detective investigates the death of a wealthy novelist surrounded by his scheming family.
Gone Girl,2014,Mystery|Thriller|Drama,A husband becomes the prime suspect when his wife disappears on their anniversary.
Shutter Island,2010,Mystery|Thriller,A US marshal investigates a patient's disappearance at a remote island psychiatric hospital.
Prisoners,2013,Crime|Drama|Mystery|Thriller,A desperate father takes matters into his own hands when his young daughter and her friend vanish.
The Prestige,2006,Mystery|Sci-Fi|Thriller,Two rival magicians engage in a dangerous battle to create the ultimate stage illusion.
Memento,2000,Mystery|Thriller,A man with short-term memory loss uses notes and tattoos to hunt his wife's killer.
Arrival,2016,Sci-Fi|Drama|Mystery,A linguist is recruited to communicate with mysterious alien visitors before tensions boil over.
Blade Runner 2049,2017,Sci-Fi|Thriller|Mystery,A young replicant blade runner uncovers a secret that could plunge society into chaos.
Ex Machina,2015,Sci-Fi|Drama|Thriller,A programmer is asked to test whether a humanoid robot has real consciousness.
Gravity,2013,Sci-Fi|Thriller|Drama,Two astronauts struggle to survive after debris destroys their space shuttle.
The Martian,2015,Sci-Fi|Adventure|Drama,An astronaut stranded on Mars uses science and humor to survive until rescue.
Edge of Tomorrow,2014,Action|Sci-Fi,A soldier caught in a time loop relives a battle against aliens until he can win.
Dune,2021,Sci-Fi|Adventure|Drama,A noble family takes control of a desert planet whose spice is the most valuable resource in the universe.
John Wick,2014,Action|Crime|Thriller,A retired hitman returns to the underworld to take revenge for the killing of his dog.
Casino Royale,2006,Action|Adventure|Thriller,A newly promoted secret agent hunts a terrorist financier in a high-stakes poker game.
Mission: Impossible - Fallout,2018,Action|Adventure|Thriller,A secret agent and his team race to stop a nuclear catastrophe after a mission goes wrong.
Top Gun: Maverick,2022,Action|Drama,A veteran pilot trains a new generation of elite fighter pilots for a dangerous mission.
Oppenheimer,2023,Biography|Drama|War,The story of the physicist who led the creation of the first atomic bomb and its consequences.
Rocky,1976,Drama|Sport,A small-time boxer gets a shot at the heavyweight title and fights to prove himself.
Moneyball,2011,Biography|Drama|Sport,A baseball manager uses statistics to build a competitive team on a tiny budget.
The Wolf of Wall Street,2013,Biography|Comedy|Crime|Drama,A stockbroker's rise to wealth through fraud and excess leads to his downfall.
Joker,2019,Crime|Drama|Thriller,A failed comedian turns to crime and chaos in a decaying Gotham City.